Video id,Link,Primary Tag,Secondary Tag,Rating,Coder_Description,desc
Q7zJ7sKKyVQ,youtube.com/watch?v=Q7zJ7sKKyVQ,irrelevant,Science & Technology,,A person talking about laptops and processors. The audio is in a different language so don't understand completely,"This video shows a man sitting in his room with laptops behind him. The man in the video is reviewing the ASUS ROG SCAR 16 gaming laptop, which features the latest 13th generation Intel Core i9 13980HX CPU and an RTX 4090 graphics card. He highlights the powerful performance of the CPU and the graphics card, as well as the impressive cooling system, the 240Hz display, and the quality of the speakers. This video is is not inappropriate as it is only talking about a gaming laptop."
U6BovNVh-FA,youtube.com/watch?v=U6BovNVh-FA,irrelevant,Personal Care & Beauty,,Detergent/softener,This video is a short 6 second advertisement about a hypoallergenic detergent for people with sensitive skin. The video is set in a supermarket where a mother expresses her concern about her daughter's sensitive skin to a doctor. The doctor recommends the all® free clear detergent. This video is not inappropriate.
gWbhoYOWiCg,youtube.com/watch?v=gWbhoYOWiCg,irrelevant,Music & Performance,,"Goodhertz is an audio plugin company, in the sense that we make audio plugins. Ad for promotion, discount ",This video features a man sitting outdoors talking about a sale at Goodhertz which is an audio plugin company. The man in the video talks about the 30% discount the customers can receive. This video is not inappropriate.
RH45frlpUcE,youtube.com/watch?v=RH45frlpUcE,irrelevant,Parenting & Family,,Pram/ baby walker ad. Even though the ad looks child directed at the start because includes animations but kids are not the target audience to sell walkers to,This video is an animated advertisement which features a baby looking at various baby strollers. It talks about different models and designs of baby strollers. This video is targetted towards new parents or caretakers. This video is not inappropriate.
_7dzvaVIoZk,youtube.com/watch?v=_7dzvaVIoZk,inappropriate,Inappropriate Clothing,Moderate,music video with inappropriate clothing,This video is a music video featuring many dancing women. They are wearing sparkly bikini tops and very short beaded skirts. They dance among one another as well as around a man who sings. This video is inappropriate as it features inappropriate clothing which shows significant skin exposure. 
HtH4irH2xJs,youtube.com/watch?v=HtH4irH2xJs,irrelevant,Food and Cooking,,cooking vlog,At the start of the video a man is speaking as he takes a stroll in the streets during the day. The video then shifts to his kitchen where he teaches the audience how to make the best gyros kebab. This video is not inappropriate.
QVS6fdze_z8,youtube.com/watch?v=QVS6fdze_z8,irrelevant,Business & Entrepreneurship,,Grammarly ad for checking grammatical errors and correct english,This video features a woman speaking as she stands in an office setting. She is the Director of Engineering at Grammarly Business. This is an advertisement for the Grammarly software which is used for checking grammatical and spelling errors. This video is not inappropriate.
MZftpVXlkn8,youtube.com/watch?v=MZftpVXlkn8,irrelevant,Software,,"Liquid UI facilitates its SAP users to accomplish tasks easily with its new features. Liquid UI integrated Multiple Object Detector feature in its Android App. This video shows you how this feature helps its SAP users to recognize, detect objects and display their number in the required input field. ","This video features a software demonstration. It shows a step-by-step demonstration with on-screen text on how to use Liquid UI which has an integrated Multiple Object Detector feature in its Android App. This video is advertising a software, it is not inappropriate."
K25-4m1-cO0,youtube.com/watch?v=K25-4m1-cO0,inappropriate,"Drinking, drugs, smoking",,"mv, smoking, drinking club",This music video starts of in a dark settin with two men in sunglasses sitting on a sofa. Subsequent clips show bottles of alcohol being passed around and close-up of women's legs. There are random clips of football matches on TV in between. The video features men and women drinking and smoking in a club which makes this video inappropriate.
Ah-EkDjU2oQ,youtube.com/watch?v=Ah-EkDjU2oQ,irrelevant,Travel & Adventure,,uber renting ad,"This is advertisement for Uber Rentals. The screen shows a video of trees with a white screen overlay on which some text is shown. This video is appropriate, it just consists of some text and a background video of nature."
6E3I9Zwg0EE,youtube.com/watch?v=6E3I9Zwg0EE,child directed,Movies,,little mermaid movie trailer,"This is a movie trailer for Disney's live-action ""The Little Mermaid"". It features scenes of Ariel, a mermaid talking to her friends, a flounder fish, a seagull and a crab. The scenes are shown underwater. There are scenes showing a castle and a carriage ride. The trialer ends with a on-screen text saying that the movie will be shown ""Only in Cinemas"". This video does not contain any inappropriate scenes so it is appropriate."
pxy849Tlmw8,youtube.com/watch?v=pxy849Tlmw8,child directed,Non-violent video games,,ad showing how to build a seafront in minecraft,This is a video ad for Minecraft. The video shows a sped up demo of the game. It is in first person perspective and the character choses different game items to build with. On-screen text says that the game is available to download on the Apple App Store and Google Play store. This video is appropriate since it is just a video with a demo for Minecraft which is a popular children's game which is rated E10+.
Imlwc6AB5R8,youtube.com/watch?v=Imlwc6AB5R8,irrelevant,Home and Lifestyle,,ad for a toolkit for home renovation,This is a short video ad for a Hidden Decking System.The video shows a man safely installing a deck in his backyard. We can also see some close up shots of a drill and a screw. Text on screen gives more information about the product. This video is appropriate because it does not contain any inappropriate elements. It is targeted towards people who are interested in home renovation.
qI-Kwgk0hsQ,youtube.com/watch?v=qI-Kwgk0hsQ,irrelevant,Autos & Vehicles,,Ad for a company that makes electric vehicle chargers,This video ad has a vintage aesthetic. It features a a picture of child dressed like he belongs to the 80's period standing infornt of a car. Text appears on-screen on top of the picture. The video is an ad for a super fast charger for electric cars. This video is not inappropriate.
iETos7J-3SY,youtube.com/watch?v=iETos7J-3SY,irrelevant,Business & Entrepreneurship,,sucess stories,"This is a video feautrung different people talking about the importance of good workplace culture. In different scenes, different people sit in front of the camera, dressed in formal office clothing and speak about the importance of good workplace culture with smiling faces. In between, clips show people in the office working together happily. This video is not inappropriate."
mVKDrykzpAY,youtube.com/watch?v=mVKDrykzpAY,irrelevant,Finance & Legal,,insurance company ad,This is a short funny video ad which features a man dancing with a large potted plant. On-screen text references an insurance plan. This video is not inappropriate.
6B18zyv7TCU,youtube.com/watch?v=6B18zyv7TCU,irrelevant,Travel & Adventure,,British airways,"This is a video ad for the British Airways airline. It consists of multiple pictures: a smiling air hostess, someone enjoying a refreshment in the plan, someone sleeping in their business class seat. On-screen text promotes the airline and talks about benefits customers can receive. This video is not inappropriate."
tVfeWGpIzfg,youtube.com/watch?v=tVfeWGpIzfg,child directed,Play and Adventure,,Ad for a water resort,This video is an ad for an annual pass for an amusement and water parks. It consists of clips showing different rides such as roller coasters and water rides as well as happy children. The last scene shows a golden ticket which is the annual pass. This ad is targeted towards families with children to enjoy the theme parks. This video is not inappropriate.
dDrf5oYEJmE,youtube.com/watch?v=dDrf5oYEJmE,irrelevant,Fashion,,shoe brand ad,"This is an ad for a shoe and bag brand. Clips show close-ups of different shoes and bags in aesthtic settings such as in a park, on a tree and at the beach. This video is not inappropriate. "
mLBqBCkl-tg,youtube.com/watch?v=mLBqBCkl-tg,irrelevant,Software,,online delivery service,This is short colorful animated ad for GrubHub which is an online food ordering service. This video is not inappropriate.
6HPrtKiPRmE,youtube.com/watch?v=6HPrtKiPRmE,irrelevant,Food and Cooking,,Ad for nescafe's coffee. shows a family enjoying it,Thie video is an ad for Nescafe Gold coffee. It shows clips of a family enjoying spending time with eachother and drinking coffee together in a garden setting. This video is not inappropriate.
JY7JIw2-Ktg,youtube.com/watch?v=JY7JIw2-Ktg,irrelevant,Food and Cooking,,lipton tea ad,Thie is a short video ad for Lipton Tea. It features a man in ablue T-shirt doing bicep curls and then he stops to hold up a cup of tea and speak to the camera. This video is not inappropriate.
eGmtjBqdrJs,youtube.com/watch?v=eGmtjBqdrJs,irrelevant,Food and Cooking,,lamb meat ad,This video starts off with a narrator speaking as clips of green hills are shown. The next clip show people grilling and enjoying meat. This is an add for grass-fed organic lamb and beef meat. This video is not inappropriate.
71SYQOYL578,youtube.com/watch?v=71SYQOYL578,irrelevant,Home and Office,,clothes detergent ad,"This is an ad for washing detergent. In the first scene, a little girl playfully hugs her father from behind as he loads the laundry into the washing machine. She plays and hugs her teddy bear. The next scene show grandparents hugging eachother. The next scene shows the man putting the lit back on th ebottle of detergent. At the end, we see the different types of dteregent products with a teddy bear placed on the side. This vidoe is no inappropriate. "
E0jY8jN-9Jk,youtube.com/watch?v=E0jY8jN-9Jk,irrelevant,Finance & Legal,,mortage/ house buying,Thie video is an ad for a mortgage company. It features a woman sitting on a bench as she holds her puupy and another lady in a red coat approaches her and tells her the benefits of her company. This video is not inappropriate.
QMO0v386OUE,youtube.com/watch?v=QMO0v386OUE,child directed,Family friendly gaming,,game trailer,"This video is an ad for a video game. The video shows pixelated characters attending concerts,  doing obstacle races and performing on a stage. This video is not inappropriate."
hhh4S_LtCyM,youtube.com/watch?v=hhh4S_LtCyM,irrelevant,Parenting & Family,,app for parents,"This video features multiple clips of happy children doing daily activities such as eating, playing and studying. The next scene shows a woman standing in fromt of the camera as she asks the audience to share their challenges with growing. kids in the comment box or on a social media page. This is an ad targeted towards parents. This video is not inappropriate."
XFPuWIUpRQE,youtube.com/watch?v=XFPuWIUpRQE,irrelevant,Finance & Legal,,sweden bank ad,"This video is an advertisement for a bank. In the only scene shown, a man is seen in the window of a food truck, a woman is seen outside as a custoomer, and a black board is seen with a menue written on it. This video is not inappropriate. "
HxLVoQM98xE,youtube.com/watch?v=HxLVoQM98xE,irrelevant,Music & Performance,,music beat insturmental,This video only conains one image with music without lyrics playing in the back. The image is of a anime/cartoon style man over a yellow background. This video is not inappropriate. It conly contains some music beats and an appropriate cartoon image.
0D9FnfmPRnE,youtube.com/watch?v=0D9FnfmPRnE,irrelevant,Tech & Gadgets,,4G package,"This video is an ad for a mobile plan. Itshows a happy man looking in the mirror. He uses his phone and as he jumps, he appears in different clothes. The following scenes include colorful backgrounds with on-screen text giving more details about the plan. This video is not inappropriate. "
brGcBfpqLSs,youtube.com/watch?v=brGcBfpqLSs,inappropriate,Death,Moderate,ad for a music video showing a dead person lying in the start,"This is a music video but it starts off with a man with distressed look on his face as he stares at his dead wife's body. The next scene shows the wife's picture framed on the wall in memorial. The following scenes show a father taking cae of his daughter, oiling her hair, playing with her etc. This video is inappropriate since the first scene (showing a dead body) shows an element of ""death"""
fRbmFwVmodM,youtube.com/watch?v=fRbmFwVmodM,irrelevant,Home and Office,,"Trying to get my family of 9 organized! vlog, ad for cricut machine","This is a vlog showing a woman on a farm reorganizing a room. Most of the scenes in the video show parts of the same room, and the woman cleaning and organizing them. Some scenes show the same woman in front of the camera in a living room, talking about her organizational system and her sponsers. This video is not inappropriate. "
0i5e3KRXbto,youtube.com/watch?v=0i5e3KRXbto,irrelevant,Gaming & Entertainment,,youtube primetime channels,"This video is an ad for youtube primetime channels. It shows the youtube interface for the feature, and bits of some videos on the platform. The video is not inappropriate. "
bzDD8ItXmXY,youtube.com/watch?v=bzDD8ItXmXY,irrelevant,Business & Entrepreneurship,,"Hotjar - Your marketing questions, answered - business helping tool ig",This is an advertisement for a marketing software / tool. Initially it shows a lot of numbers of the screen in front of a man. Later it shows money fallling down. This video is not inappropriate. 
PpCZPdLC6Cc,youtube.com/watch?v=PpCZPdLC6Cc,inappropriate,"Drinking, drugs, smoking",Extreme,ad for a music videos. shows smoking and explicit themes,"This is a music video that is shown in black and white. The first few scenes show a house and different parts of the house. Then a manis shown on screen smoking a cigar on his balcony as a song plays in the background. Subsequent scenes show that man with a cloth wrapped around his face, driving a car. He sings words like ""nigga"" and ""fuck"" while he points the middle finger to the camera. This video is inappropriate based on many grounds such as offensive language, smoking and offensive gestures,"
EErQSV7Xph0,youtube.com/watch?v=EErQSV7Xph0,irrelevant,Education & Learning,,Ad for a university showing its advantages,This video shows an ad for a university. There are multiple scenes in which images of students are shown with texts appearing that highlights how the univeristy addresses issues such as discrimincation and harrasment. Light music is playing in the background as well. This video is not inappropriate. 
eXmwb8f8_pc,youtube.com/watch?v=eXmwb8f8_pc,irrelevant,Fashion,,clothing brand,This video shows an ad for a clothing brand. It includes multiple scenes that feature children as well as adults in clothes by the brand. There is a song playing in the background with appropriate lyrics as well. This video is not inappropriate. 
Q3qwz4bveY8,youtube.com/watch?v=Q3qwz4bveY8,irrelevant,Fashion,,ad for uniqlo clothes,"This video shows an ad for a clothing brand. Multiple scenes depict white clothes and the quality features of them, including comfort, smoothness etc. The video contains light background music. The video is not inappropriate. "
HQDrs4t1Zyk,youtube.com/watch?v=HQDrs4t1Zyk,inappropriate,Intimacy,Moderate,music video with intimacy,This is a music video which features multiple interactions. A man and woman standing closely 
r7veNlZM8VY,youtube.com/watch?v=r7veNlZM8VY,irrelevant,Business & Entrepreneurship,,staffing agency - insight global,This is an advertisement for a a staffing agency. It shows two people on their PC in separate scenes and has light music in the background. This video is not inappropriate. 
Eq1wBOY25ak,youtube.com/watch?v=Eq1wBOY25ak,irrelevant,Education & Learning,,Summer Internship Program for Engineering Students,This is a commercial for a summer internship program. It shows two boys describing their experience during the program. It contains some background music as well. This video is not inappropriate. 
odDZGqd8jTo,youtube.com/watch?v=odDZGqd8jTo,inappropriate,Intimacy,Mild,"telugu song, featuring clips from movie, couple",This is a music video. It shows multiple clips featuring a movie. It depicts intimate scenes between a man and a woman in multiple instances. This video is inappropriate. 
8MH3Kbb--us,youtube.com/watch?v=8MH3Kbb--us,irrelevant,Software,,ad for check24 app (cost comparison app),This is an ad for a mobile application for cost comparison. The video shows a man with a microphone sharing app details with multiple people. This video is not inappropriate. 
3rW86CuFfIk,youtube.com/watch?v=3rW86CuFfIk,irrelevant,Home and Office,,Harpic cleaner ad,This is an ad for a cleaner. It shows a man and a woman talking over lunch / a meal. This video is not inappropriate. 
brk41Rl4TXk,youtube.com/watch?v=brk41Rl4TXk,inappropriate,Display of weapons,Extreme,"gangster, burning stick weapon, harassment","This is a music video. It shows a man and a woman dancing. It displays weapons and fire, as well as physical harrasment in the form of extreme fights between men. This video is inappropriate. "
aVjIgIJdNpQ,youtube.com/watch?v=aVjIgIJdNpQ,irrelevant,Tech & Gadgets,,Ad for dyson's vaccums,This video shows as ad for a hair product. The main scene shows a woman using the product. This video is not inappropriate. 
Dg0sl2PtxEY,youtube.com/watch?v=Dg0sl2PtxEY,irrelevant,Software,,"ad for Aura, online safety software","This video is an advertisement for a web based software, that is concerned with security. It shows a group of men at a work site setting. This video is not inappropriate. "
Qi4J1OAv-5Q,youtube.com/watch?v=Qi4J1OAv-5Q,irrelevant,Fitness & Exercise,,Workout training app,This video is an advertisement for a fitness application. This application is to assist people with workout / training. It shows various people promoting the application. This video is not inappropriate. 
lqH-0-olhDU,youtube.com/watch?v=lqH-0-olhDU,inappropriate,Intimacy,Mild,lyrics romantic,"This ad shows a music video. Although no inappropriate visual content is shown, the lyrics depict romance, which makes this video inappropriate. "
opNK4iEb5RI,youtube.com/watch?v=opNK4iEb5RI,inappropriate,Intimacy,Mild,music video with a few clips of intimacy,"This is a music video. The given video involves some scenes that depict intimacy between a man and a woman, for instance, one scene shows the two kissing. This video is inappropriate. "
gc9-4oq1idA,youtube.com/watch?v=gc9-4oq1idA,child directed,Gaming & Entertainment,,animated PG rated disney movie,This is an animated video; it shows the trailer of a disney movie that is rated for children. This video is not inappropriate. 
kBqrf1LvpPo,youtube.com/watch?v=kBqrf1LvpPo,inappropriate,Inappropriate Clothing,Extreme,punjabi mv - shirtless man,"This is a music video for a song. It initially shows a man and a woman holding hands and walking. In a later scene, the man is shown in inappropriate clothing; he is shirtless. This video is inappropriate. "
FYIDBhtSuzw,youtube.com/watch?v=FYIDBhtSuzw,inappropriate,Display of weapons,Moderate,movie trailer with weapons and fight,"This video is the trailer for a movie. It shows humans as well as gorillas, in some fantasy world. Weaponary is shown at multiple instances in this video, as well as physical violence. Hence, this video is inappropriate. "
7JRAwn40q_0,youtube.com/watch?v=7JRAwn40q_0,inappropriate,Offensive language,Extreme,Ad of a music video. Song has references to drug use and alcohol,This is an ad for a music video. It shows the artist smoking in an inital scene. The language used in the lyrics also refer to drug use and to drinking. This video is inappropriate. 
BHLVY4NNF6A,youtube.com/watch?v=BHLVY4NNF6A,inappropriate,Intimacy,Mild,Music video containing intimacy,"This ad shows a music video. Initially, a man is seen shirtless in a shower. Further, the video shows multiple instances of intimacy. This video is inappropriate. "
R_2dY1reH-Y,youtube.com/watch?v=R_2dY1reH-Y,inappropriate,Sexual content,Moderate,Ad of a song with a woman licking her finger in a sensual way. Song has inappropriate lyrics when translated,"This video shows the ad for a song. Through the entire duration of the video, only a poster is displayed. This poster shows a woman licking her finger in a manner that is not appropriate. This video is inappropriate. "
VYQPuKvmTHM,youtube.com/watch?v=VYQPuKvmTHM,inappropriate,Sexual content,Mild,music video shot on a beach. band also playing on a beach.,"This ad shows a music video on a beach. Initially, people are seen dancing and playing instruments. The same people are seen playing instruments on a yatch as well. the video focuses on the body of a woman in multiple instances of the video, in an inappropriate manner. This video is inappropriate. "
PZHQSzm35fE,youtube.com/watch?v=PZHQSzm35fE,inappropriate,Sexual content,Mild,scene focusing on lady's legs,This is a music video for a breakup song and shows 2 men fighting over a girl. It also shows the girl in inappropriate clothing and some shots might seem sexual. The lyrics also talk about the unfaithful partner. This video is inappropriate.
u9EDS6OVwh0,youtube.com/watch?v=u9EDS6OVwh0,inappropriate,"Drinking, drugs, smoking",Moderate,Music video containing a group of guys drinking,This is a rap music video showing some guys with cars. The video shows alcohal and drugs. The lyrics also talk about being a back bencher in class. This video is inappropriate.
IqX7dda9w4I,youtube.com/watch?v=IqX7dda9w4I,child directed,DIY & Arts and Crafts,,Arts video for kids on how to draw a sun,This is an animated video of a tutorial on how to draw the sun. It features a cartoon lion teaching the drawing. The music is very joyful. This video is appropriate.
JsWSPKj0x_I,youtube.com/watch?v=JsWSPKj0x_I,inappropriate,Offensive language,Moderate,paint ad includes song with adult words,"This is an ad for a paint company. It features many adults singing a song about it and the usage of adult words like ""balls"". This video is inappropriate."
kpDl6K2uRb8,youtube.com/watch?v=kpDl6K2uRb8,child directed,Play and Adventure,,Ad for a safari theme park,This video is an ad for a theme park and features a cartoon bunny catching a tool. There is only one clip showing the bunny with the tool. The video is not inappropriate.
VzLXl_cZjVQ,youtube.com/watch?v=VzLXl_cZjVQ,child directed,Toys,,Ad showing a collaboration between lego and Disney princesses,This video is an ad for a collaboration between lego and disney. It features girls of many ethnicities playing with lego princesses. This video is not inappropriate.
fdDnIZhns4M,youtube.com/watch?v=fdDnIZhns4M,child directed,Cartoons,,The Super Mario Bros. Movie - Own Or Rent Now,This video is a movie ad for Super Mario Bros. Clips feature cartoon characters like Mario and cartoon monkey riding a bike. This video is not inappropriate.
-vTF1JURVYk,youtube.com/watch?v=-vTF1JURVYk,inappropriate,Physical Violence,Extreme,This video had disclaimer from youtube that it is not appropriate for some audiences.,The video is mini news segment. Clips feature protests and mobs fighting. It also talks about the LGBTQ movement. This video is inappropriate.
ftywoDPCyho,youtube.com/watch?v=ftywoDPCyho,inappropriate,Intimacy,Moderate,music video with intimacy,This video is a music video for a sad song. The video features a cheating man and the overall plot also displays this. Clips feature kissing on the hand and other sorts of intimacy. This video is inappropriate.
yMPMU_u2HBg,youtube.com/watch?v=yMPMU_u2HBg,inappropriate,Intimacy,Moderate,"inappropriate clothing, intimacy, kiss on cheek","This video is a music video for a song. The video features a dancing couple with inappropriate, flashy clothes. Clips feature intimacy and kissing on cheek. This video is inappropriate."
fOdo1GkzZAk,youtube.com/watch?v=fOdo1GkzZAk,child directed,Educational Content,,adapted mind ad,This video is an educational AdaptedMind video for childen. Clips feature animated characters conversing and asking educational questions. There are questions about english and math. This video is not inappropriate.
DDL5qspSBgQ,youtube.com/watch?v=DDL5qspSBgQ,inappropriate,Offensive language,Extreme,Person talking about how he got accused for pedo and sex,This video is a short online news clip. The clip has mentions of sex abuse and pedophilia allegations with imagery of men holding stacks of money. There are clips of legal charges and fines. This video is inappropriate.
ciOU_smZnqA,youtube.com/watch?v=ciOU_smZnqA,child directed,Educational Content,,App for kids for education and learning,This video is an educational AdaptedMind video for children. Clips feature animated characters in an animated jungle setting teaching the children about basic math and english. This video is not inappropriate.
Hgge3iTiJfY,youtube.com/watch?v=Hgge3iTiJfY,inappropriate,Intimacy,Mild,Breakup type song. Does contain references to death etc in the lyrics,This video is a music video for a breakup song. Clips feature both girl and guy being sad. Lyrics contain mentions of wanting to die and alcohal. This video is inappropriate.
SaOd0DC-tD8,youtube.com/watch?v=SaOd0DC-tD8,inappropriate,"Drinking, drugs, smoking",Moderate,shows use of tobacco products and drinking,"This video starts of with an animated picture of a bridge. The next secene shows two men sitting together. One man seems distressed and is smoking a cigarette and the other man hands him a bottle of beer. Then the music starts and features clips of a man dancing. There are behind-the-scenes clips of anotehr man singing the song in the video in a music studio. Because of the smoking and presenece of alcohol bottles, this video is inappropriate even though the rest of the video just features dancing."
NjgqRS1ZpZY,youtube.com/watch?v=NjgqRS1ZpZY,child directed,Poems/Songs/Nursery Rhymes/Music,,Ad for a music video of a child singing about her parents,This video is a nursery rhyme video. Clips feature animated characters singing and dancing about family. The video has vibrant colours and a joyful theme. The video is not inappropriate.
QSszfCOX0IA,youtube.com/watch?v=QSszfCOX0IA,inappropriate,Physical Violence,Moderate,netflix ad includes clips of weapons and violence,"This video is a Netflix ad about their action movies. Clips feature explosions, violence, fights and weapons like swords. The video is inappropriate."
kjCExokb8z0,youtube.com/watch?v=kjCExokb8z0,inappropriate,Intimacy,Mild,Music video with intimacy,"This video is a music video for a romantic song. Clips feature a couple singing, dancing, cuddling and kissing. The video features intimate scenes. The video is inappropriate. "
2YKQRSzY3Rs,youtube.com/watch?v=2YKQRSzY3Rs,inappropriate,Offensive language,,ad of a rap song. contains stereotypical references,This video is a music video for a rap song. Clips feature men dancing and partying. Some clips have champayne in them. This video is inappropriate.
MpddlxEGGwk,youtube.com/watch?v=MpddlxEGGwk,child directed,Cartoons,,hot wheels cartoons,This video is a clip from Hot Wheels Camp Crush cartoon series. Clips feature hot wheels cartoon trucks driving through a desert. This video is not inappropriate.
mFq68GJpuGk,youtube.com/watch?v=mFq68GJpuGk,inappropriate,"Drinking, drugs, smoking",Moderate,ad with a music video. contains glorification and references of drugs,"This video is a music video for a rap song. Clips feature women wearing inappropriate clothes, twerking and doing inappropriate moves. Lyrics contain references of drugs and drinking. This video is inappropriate."
QOTt58XpLRo,youtube.com/watch?v=QOTt58XpLRo,inappropriate,Scariness,Moderate,"Ukraine war shows firse, violence and weapons","This video is an online news clip. The video features shots and clips of war ruins, violence, explosions, and weapons. The audio contains details of death toll. The video is inappropriate since it is scary."
PDhuBthUMFE,youtube.com/watch?v=PDhuBthUMFE,inappropriate,Intimacy,Moderate,Music video contain intimacy,This video is a music video for a romantic sad song. Clips feature a couple displaying intimacy. Lyrics talk about cheating and breakup. This video is inappropriate.
XzD2wrCtIGY,youtube.com/watch?v=XzD2wrCtIGY,inappropriate,Intimacy,Mild,music video. couple kissing,This video is a music video for a party song. Clips feature men and women dancing and drinking together. A couple is also seen being intimate and kissing. This video is inappropriate.
4jCmOA76gY0,youtube.com/watch?v=4jCmOA76gY0,inappropriate,Scariness,Extreme,Diablo Video game  includes dark and horror themes with weapons,This video is an ad for Diablo video game. Clips have dark and scary themes and feature weapons and flashes. This video is inappropriate.
YkVSw2RFGmY,youtube.com/watch?v=YkVSw2RFGmY,child directed,Storytelling,,Ad showing an animation of peppa pig in her house,This video is an episode of Peppa Pig motion cartoon figure series. Clips feature Peppa Pig cartoon figures in an animated story. The story is about Peppa Pig's bath time and shows joyful family moments. This video is not inappropriate.
XESosEIIs00,youtube.com/watch?v=XESosEIIs00,child directed,Gaming & Entertainment,,Peter pan disney movie,This video is a trailer for the live action Peter Pan movie. Clips feature pirates and fairies as well as Peter Pan fighting the pirate. This video is not inappropriate as the movie itself is child-directed.
TOj784PChEU,youtube.com/watch?v=TOj784PChEU,inappropriate,Offensive language,Moderate,rap song with explicit lyrics. video also depicts drinking and smoking,"This video is a music video for a rap song. Clips feature men and women partying, drinking and doing drugs. There are some shots of poker as well. The lyrics are explicit and contains mentions of sex and drugs. This video is inappropriate."
fFmriZELQk0,youtube.com/watch?v=fFmriZELQk0,child directed,Non-violent video games,,Nintendo switch mario game ad,This video is a trailer for Lego cars. Clips feature many animated lego cars and figures in a racing arena. This video is not inappropriate.
MUlCcY8Bfk0,youtube.com/watch?v=MUlCcY8Bfk0,inappropriate,Scariness,Moderate,"ad for Poppy Playtime game, creepy characters",This video is an ad for Poppy Playtime game. Clips feature a creepy and scary character chasing the main character in the game. The background music is also creepy. This video is inappropriate.
nZ_ChJpufrc,youtube.com/watch?v=nZ_ChJpufrc,inappropriate,Offensive language,Mild,Courtroom includes people fighting and using offensive language,This video shows a game show setting. Two people are competing against each other and are seen verbally fighting. The language that they use is iinappropriate. This video is inappropriate. 
JKDYEHOtx4s,youtube.com/watch?v=JKDYEHOtx4s,child directed,Storytelling,,ad for a kid's fairytale,"This animated storytelling video portrays the tale of the Happy Prince, a statue adorned with jewels, and a bird that selflessly distributes the jewels to help the needy, despite staying in the area out of season. Eventually, the bird dies, and the Happy Prince, once admired for his beauty, becomes weathered and is torn down. Two angels take the two most precious things on Earth—the Prince's metal heart and the bird—to present them to God in heaven. The video conveys a message of goodwill and is not inappropriate. "
fY1iPBWGxfE,youtube.com/watch?v=fY1iPBWGxfE,child directed,Toys,,barbie ballerina doll,This video shows an ad for a ballerina barbie doll toy. The hands of kids are seen playing with this doll. This video is not inappropriate. 
7iNIPyDauxM,youtube.com/watch?v=7iNIPyDauxM,inappropriate,Scariness,Extreme,ad showing a zombie apocalypse with very intense graphics,"This video ad showcases a frightening zombie apocalypse game, featuring targeted shooting, fiery explosions, ominous background sounds, and dark, unsettling visuals. The ad is highly inappropriate."
4uEZzOMBbus,youtube.com/watch?v=4uEZzOMBbus,inappropriate,Offensive language,Extreme,Lil Pump - I Don't Mind (bad words!!),"This ad is a music video featuring offensive lyrics, making it highly inappropriate."
t1YinpEGbtQ,youtube.com/watch?v=t1YinpEGbtQ,inappropriate,Intimacy,Moderate,"ad for FARFETCH, clothing brand but sensual elements present","This video shows an advertisement for a clothing brand. It features a woman and a man on a beach, and shows multiple scenes and depict intimacy. It shows the two people kissing at one instance. This video is inappropriate. "
GnymbIhPyxM,youtube.com/watch?v=GnymbIhPyxM,child directed,Toys,,Ad for squishy stretchy boxing character figures,This video is an advertisement for toy character cartoon figures. Parts of the video show the action figures fighting in a playful manner. This video is not inappropriate. 
cziU5vuwtbA,youtube.com/watch?v=cziU5vuwtbA,child directed,Toys,,Ad showing different mobility features of a mariocart toy and a child controlling it with a remote,This video is an ad for a mariocart toy; a child is seen playing with the toy. This video is not inappropriate. 
BwkLVZI3Yrw,youtube.com/watch?v=BwkLVZI3Yrw,child directed,Play and Adventure,,"Visit Dubai, arcade",This video features an arcade / indoor play area in Dubai. It shows children as well as adults playing arcade games and skating. This video is not inappropriate. 
K3jQy4a2wUw,youtube.com/watch?v=K3jQy4a2wUw,inappropriate,Scariness,Mild,"masks, gang signs","This is a mysic video. It depicts a bunch of men that are seen raping and dancing. The video shows the group of men as art of a gang, as wearing masks. This video is mildly inappropriate. "
uCskXmWmNok,youtube.com/watch?v=uCskXmWmNok,child directed,Cartoons,,video from Star Wars: Young Jedi Adventures showing the characters going on an adventure for training,This is a clip from an animated version of star wars. It shows cartoons with swords fighting. This video is not inappropriate. 
nOxZiav_pv8,youtube.com/watch?v=nOxZiav_pv8,child directed,Educational Content,,ad about a Math and logic based visual game.  Contained no monetary information,This video is an ad for a cartoon-based math and logic game. It shows problems and explanations; essentially shows the interface of the game. This video is not inappropriate. 
OPmKWunKuoo,youtube.com/watch?v=OPmKWunKuoo,inappropriate,Physical Violence,Extreme,Movie trailer contains violence and killing,"This is the trailer for an action movie. The video shows a display of weapons, fire, crying, violence. This video is not appropriate. "
ULJLfuO4Fw4,youtube.com/watch?v=ULJLfuO4Fw4,inappropriate,Scariness,Extreme,black magic ad,This is an advertisement for a person who depicts he is capable of black magic. The video highlights all the things that he is capable of acheiving via black magic. This video is inappropriate. 
BHWlOpk4RJQ,youtube.com/watch?v=BHWlOpk4RJQ,inappropriate,Intimacy,Moderate,"mv; intimacy, drinking, inapp clothing","This is a music video. It shows a woman singing, picking out clothes initally, then at a party, The video shows her with a glass of what seems like an alcoholic drink in multiple instances. It also shows her in provocative clothing. The video shows scenes of intimacy as well. This video is inappropriate. "
nBThwNMh3o0,youtube.com/watch?v=nBThwNMh3o0,child directed,Cartoons,,ad for a compilation of the cartoon peppa pig,This is from a cartoon peppa pig. It shows multiple cartoon characters in a family interacting wirh each other. It shows multiple clips from the same cartoon. This video is not inappropriate. 
oHxb9YDui94,youtube.com/watch?v=oHxb9YDui94,child directed,Toys,,Ad for a playdough tool,This is an ad for a tool used by children to mould and form shapes with play dough. It shows children playing with the toy. This video is not inappropriate. 
UtEoi-vI7s0,youtube.com/watch?v=UtEoi-vI7s0,inappropriate,Offensive language,Extreme,Ad about a rap music video. Contains inappropriate language,"This is a music video showing a rap song. A guy is shown in multiple places rapping. It contains a lot of inappropriate language, such as the frequent use of the words 'fuck' and 'shit'. This video is inappropriate. "
tFy0geWLrdc,youtube.com/watch?v=tFy0geWLrdc,inappropriate,"Drinking, drugs, smoking",Moderate,"mv, smoking, bottles of alcohol",This is a music video for a rap song. A group of men are shown throughout and some buildings. The men are seen drinking and smoking in multiple instances. This video is inappropriate. 
NvhTO2eOULI,youtube.com/watch?v=NvhTO2eOULI,inappropriate,Intimacy,Extreme,music video with intimacy cheating and inappropriate clothing,"This is a music video for a song. It shows a man and a woman initially. The two people seem to be together but the man is shown to be cheating on the woman. The video shows a different woman in provocative clothing as well, she is seen in a bikini in front of a swimming pool. The man is also shown shirtless. Multiple scenes of intimacy between the two people is also shown, including three scenes where they kiss. This video is inappropriate. "
0_GybqzY2fU,youtube.com/watch?v=0_GybqzY2fU,child directed,Family friendly gaming,,lego nintendo game ad,"This video is an advertisement for LEGO Nintendo games, featuring a vibrant, child-friendly driving game. The ad is colorful, engaging, and is not inappropriate."
4EwxbCpsiyE,youtube.com/watch?v=4EwxbCpsiyE,inappropriate,Sexual content,Extreme,sexualization of women. inappropriate dances in music video,"This ad is of a music video featuring a group of men with cars. However, it portrays women in a highly sexualized manner, with revealing clothing and suggestive behavior. This video is highly inappropriate."
JCNralklITA,youtube.com/watch?v=JCNralklITA,inappropriate,Physical Violence,Moderate,Tulsa King | Buy or Rent on Digital | Paramount Movies; physical violence,"This is an ad for a TV series called Tulsa King. The video has physical violence and features the main character attacking other individuals, including strangling one human and burying a dead body. The main character appears to be a mafia boss and shows him in multiple settings. The characters also talk about death in the video but narration has no swear words. This video is not appropriate for children due to its depictions of violence."
HS0iDUzk-pc,youtube.com/watch?v=HS0iDUzk-pc,child directed,Toys,,pokemon toy ad,This ad promotes a Pokemon building blocks toy. Two children are shown playing with the toy in a cheerful setting. The theme is colorful and exciting. The video is not inappropriate.  
x7ZA5_lD8mI,youtube.com/watch?v=x7ZA5_lD8mI,child directed,Non-violent video games,,ad about a game where you drive cars,This ad promotes a hill climbing car game. The car collects gold points on it way. The video has colorful visuals. It is not inappropriate. 
oJOKRI3ThwA,youtube.com/watch?v=oJOKRI3ThwA,inappropriate,Inappropriate Clothing,Extreme,indian music video,This is a music video for an Indian song. The song depicts a wedding scene with the main character entering in a sports car. The camera then shifts to the main character with a woman who is wearing extremely revealing clothes. The dance moves in this video are also extremely suggestive and the lyrics also have sexual connotations. This video is not appropriate due to revealing clothing and suggestive dance move and lyrics.
kfdhcG1-vOg,youtube.com/watch?v=kfdhcG1-vOg,child directed,Toys,,super mario game toy,"This ad promotes Super Mario Bros toys, featuring two children playing with the toys in an imaginative and fun-filled setting. The video shows vibrant colors, playful themes, and dynamic visuals that highlight the excitement and creativity the toys inspire. It captures the joy of play and is designed to appeal to children. It is not inappropriate. "
5yChx37K2rQ,youtube.com/watch?v=5yChx37K2rQ,child directed,Cooking and Food,,ad for a child's dietary supplement,"This Nestlé ad promotes a nutritious drink for children, highlighting the vitamins it provides. A group of children can be seen drinking it happily. The ad is not inappropriate."
morS4Hb9HHo,youtube.com/watch?v=morS4Hb9HHo,child directed,Cooking and Food,,ad for a young kid's dietary supplement,"This Milo ad promotes a nutritious drink for children, emphasizing the vitamins it provides and its positive impact on growth and physical health. The ad is not inappropriate."
bCrPil7lzuU,youtube.com/watch?v=bCrPil7lzuU,child directed,Storytelling,,Ad for a kids tv show,"This ad promotes Nickelodeon which is a TV channel for children. It features a child discovering an orange Nickelodeon splatter on their roof, which leads them into a vibrant, animated world filled with cartoons. The video is colorful, imaginative, child-friendly, and is not inappropriate."
kiQJIb4dZ5I,youtube.com/watch?v=kiQJIb4dZ5I,child directed,Toys,,Ad for nerf guns for 5-6 year olds playing with family,"This is an ad for a childrens's toy gun. The video shows a family of 4 playing with the toys, first shooting at each other. The 2 children ride on their parents back as they spin around trying to hit each other. Then the video cuts to the family aiming at a tower of paper cups trying to topple the tower. Everyone is wearing eye protection. The music for the ad is lively and the video ends with a closer shot of the multiple variants of the toy. This ad is not inappropriate."
PNLjw8ZS6IU,youtube.com/watch?v=PNLjw8ZS6IU,child directed,Toys,,Ad for barbie dolls from mattel,This is an ad for barbie dolls. The ad begins with a boy and girl playing with a toy set at a picnic. The second scene shows a girl playing with a chef doll while she eats her food from a bowl and also feeds her dog. The third scene features a girl wearing a stethoscope and she attempts to listen to a toy dog's heartbeat with a doctor doll in the background. The video then shows two girls playing with a doll set and shows a doll who is on a wheelchair and the video then cuts to a girl who is on a wheelchair playing with a doll. This video shows how inclusive barbie dolls are. It is not an inappropriate video.
-8xuko7PTO8,youtube.com/watch?v=-8xuko7PTO8,child directed,Toys,,Monster High dolls @Smyths Toys,"This is an ad for hallowee themed children's dolls. The video shows 5 female dolls as dracula, frankenstein's monster, a werefolf, cleopetra and a sea monster sitting inside of a toy car. The video then one-by-one showcases each of the dolls while zooming into special characteristics like their shoes, makeup and hair. The narrator is talking about the names of the dolls and giving more information for the playset. The audio has thunder and wolve sounds to compliment the halloween theme. This video is not inappropriate."
6hzPyBNoXNw,youtube.com/watch?v=6hzPyBNoXNw,child directed,Toys,,Super mario toys,"This is an ad for Nintendo's mario themed toys. The ad shows children playing with a castle tower that contains multiple toys from the mario universe such as Toad, Mario, and Luigi. The video also shows a mario-kart themed raccetrack with children enjoying the toy. The video also showcases a pinball like toy where children have to score goals and an air hockey game. Finally, they show a maze game and then pan around the multiple characters available for the toys. The audio describes each toy in detail. This ad is not inappropriate."
zCyOQC1uBjE,youtube.com/watch?v=zCyOQC1uBjE,child directed,Cooking and Food,,ad for a child's dietary supplement,This is an ad for a children's nurtitional milk based drink. The video starts with a mother waking her daughter up and then cuts to the mother making the drink for her daughter. Text on the video describes the benifits the drink has such as iron and multiple vitamins. The video then shows children doing activities such as bird watching and playing scrabble. The narrator in the background talks about the drink in detail and its benifits. This ad is not inappropriate.
Mi1uEmRgJZU,youtube.com/watch?v=Mi1uEmRgJZU,child directed,Cartoons,,video from Star Wars: Young Jedi Adventures showing the characters going on an adventure to get a special flower,This is a short video from a star wars childrens cartoon. It shows three characters walking through a forrest with yellow trees talking to each other. They are looking for a flowerand then split up in order to find it quicker. One of the characters gets lost on a tree and encounters a creature that swings him into the air. He is then able to land on the creature and befriend him and the crew then go and look for the flower together which they are able to find in the end. This ad is not inappropriate.
QyEMEOe-u1o,youtube.com/watch?v=QyEMEOe-u1o,child directed,Storytelling,,trailer for spiderman across the spiderverse movie,"This is a short audio trailer for the children's movie ""Spider Man Across the Spiderverse."" The video is a static picture that showcases the main chacracters of the film alongside the name of the movie. The audio contains a narrator talking briefly about two characters of the movies along with short audio clips from the movie itself and ends with letting the audience know the film will only be released in cinemas. This video is not inappropriate."
_y2CaMwwymE,youtube.com/watch?v=_y2CaMwwymE,child directed,Cartoons,,lego cartoons,"This is a short trailer for a children's move called Lego Friends: The Next Chapter: New Beginnings. The trailer shows different animated lego characters doing activities. The chacracters are mostly children and they are playing football, dancing, and playing with dogs and one clip also shows someone slipping on a banana peel. The audio is of effects and the chacracters voices. This video is not inapproproate. "
sFdKlSQKUXA,youtube.com/watch?v=sFdKlSQKUXA,child directed,Play and Adventure,,Ad for a safari theme park,"This is an ad for a zoo that has animated characters with . First it shows a rabbit riding a cable on top of a wrench, then a teddy bear hanging on the same cable with a cable car attached. The rabbit tries to deliver the wrench to the bear but fails. While falling the rabbit is picked up by a turtle inside of a flying car. The video then shows a circus game where a rabbit is spinning in a wheel and a fox is attempting to hit it with a ball while th rabbit screams. Before the fox can throw the ball, it gets hit with the wrench from before. The rabbit at the start then picks up the wrench and gives it to the bear. The audio is just of the animals and the narrator talking about the zoo and the activites it has. This ad is not inappropriate."
NCoEpsE3C18,youtube.com/watch?v=NCoEpsE3C18,child directed,Play and Adventure,,jurassic park adventure park,This is a review of a theme park ride at Universal Resort called Jurassic Park River Adventure. The video shows to guys who talk about the ride and answer questions about it such as whether the ride is a roller coaster or not. The video also shows clips from various parts of the ride. In the second part of the video the hosts reenact a popular scene from the jurrasic park movie. They also explain the story behind the ride along with rules such as minimum height. Finally they show the ride in action by riding on it. The ride is a water adventure with a boat that goes around a jungle themed area and through a dinosaur containment area and ends with a large drop. This video is not inappropriate.
-tp43AxnO18,youtube.com/watch?v=-tp43AxnO18,child directed,Cartoons,,Ad of a cartoon based in the lego franchise,"This is a trailer for a childrens movie called Lego Friends: The Next Chapter: New Beginnings. The trailer shows animated lego characters modelled after school going children doing different activities. The narrator is talking about the setting of a highschool and the video opens by giving a tour. It shows characters skateboarding, playing football, playing with pets etc. It also shows a school festival with festival games along with chacacters baking and solving different situations. The audio also includes characters talking. This video is not inappropriate."
Tr9xWcn2jdI,youtube.com/watch?v=Tr9xWcn2jdI,child directed,Toys,,polly pocket toy,"This is an ad for portable children's toy doll houses. The ad shows two doll houses, one centered around a beach theme with a beach hut, sand, and water. The video shows different features of the house and then shows the toy folded up, which looks like a flamingo. The second house looks like a teddy bear when folded and opens up to reveal a house with a sandy lawn and swimming pool. The video again shows different features of the house. The audio is describing the toy's and everything it can do. This video is not inappropriate."
bN0O7BTSaXA,youtube.com/watch?v=bN0O7BTSaXA,child directed,Toys,,Trampolines @ Smyths tiys,This video is an advertisement for a children's trampoline. It shows a girl bouncing on the trampoling while she talks about the trampoline and how much fun she is having. The price of the trampoline is displayed on the bottom of the screen. The audio is of the girl talking. This video is not inappropriate.
4lRv4Iv7WIA,youtube.com/watch?v=4lRv4Iv7WIA,child directed,Toys,,Ad for legos designed as minecraft blocks,"This is an ad for minecraft themed lego blocks. The video shows a child playing with the blocks and then looks over to a toddler who turns into a minecraft zombie. It shows the child making a fort to capture the zombie using pillows that turn into lego blocks and then the camera pans to the mother. After that the video shows the toddler surrounded by pillows. The audio contains minecraft zombie sounds, lively music, and in the end a narrator advertising the toy. This video is not inappropriate."
ERNCT_cYCdI,youtube.com/watch?v=ERNCT_cYCdI,child directed,Cartoons,,ad for the cartoon series The Heroic Quest of the Valiant Prince Ivandoe,"This is an ad for a children's cartoon called ""Ivando"". The video shows the main character, who is a deer, and his various adventures. The cartoon is animated and set in a medieval time and shows knight armour, medieval clothing and markets. The audio contains lively music along with audio of the characters. This video is not inappropriate."
cpKJWVPHMfk,youtube.com/watch?v=cpKJWVPHMfk,child directed,Toys,,Ad for nerf guns for 5-6 year olds playing with family,"This is an ad for a childrens's toy gun. The video first shows a family sitting on a couch when the mother comes in with the toys and hands them to everyone. The video then shows the family of 4 playing with the toys, first shooting at each other. The 2 children ride on their parents back as they spin around trying to hit each other. Then the video cuts to the family aiming at a tower of paper cups trying to topple the tower. Everyone is wearing eye protection. The music for the ad is lively and the video ends with a closer shot of the multiple variants of the toy. This ad is not inappropriate."
lhSlJkAobkE,youtube.com/watch?v=lhSlJkAobkE,child directed,Health and Hygiene for Kids,,colgate ad,This is an ad for colgate toothpaste. The ad starts with a shot of the toothpaste on a sink with fluctuating lights. Then a walks in and starts to brush his teeth. The video ends with a closeup of the box of the toothpaste. The narrator is talking about the importance of the toothpaste and there is text on the screen advertising cavity protecting properties of the product. This video in not inappropriate.
vAwkamysdq4,youtube.com/watch?v=vAwkamysdq4,child directed,Kids Cooking & Food,,"Tang ad, juice/drink targetting kids","This is an for a juice called tang. The video shows a child playing with a sock puppet and a clock starts making noise. The girl predicts that it is time to do maths and the mother yells the same thing a few seconds later. Then the camera cuts and in the next scene the girl again predicts that it is time for english but the mother instead says ""tang time"" which causes the girl to get confused. The next clip shows the juice being mixed and the girl drinking the juice while the mother talks about the benifits of the juice such as it contains vitamins. This video is not inappropriate."
MW7kQ8w5c24,youtube.com/watch?v=MW7kQ8w5c24,irrelevant,Gaming & Entertainment,,tv show channel ad,"This is an ad on a Pakistani TV channel. It talks about feminism and role of women in the society while showing multiple women in different jobs/roles like the army, office or home. The background has music sung by a woman aiming to enhance the message the ad is trying to send. This ad is not inappropriate as it does not have any content that is harmful to kids."
asxeoJNgr8s,youtube.com/watch?v=asxeoJNgr8s,irrelevant,Autos & Vehicles,,Volvo electric car,This is an advert of a car called the Volvo XC40. The ad is short and only shows salient features about the car like its electric drivetrain and ample interior space by showing people using these features. The ad has lively music and narration and seems to target a younger audience. This ad is not inappropriate.
Al_hHfSJf6s,youtube.com/watch?v=Al_hHfSJf6s,irrelevant,Music & Performance,,Orchestra playing violins,This is a video featuring an orchestra performance. There are multiple people in the orchestra playing different insturments such as violins and trumpets and a conductor. The video also pans to the audience that seems to be enjoying the performance. There is no inappropriate content in this video.
C4eImvXoQ78,youtube.com/watch?v=C4eImvXoQ78,irrelevant,Sports & Athletics,,Ad for skateboard,This is an ad for a skateboard shop and features a woman showcasing skateboards and explaining the offer in which customers would get a free shirt with every skateboard purchased. She first holds a skateboard and then changes into a shirt for the shop. She also talks about the offer in the audio and the background has lively music. The skateboards have colourful designs and the intent of the ad is to convince people to avail the offer. This ad is not inappropriate.
73bCxYRXYjw,youtube.com/watch?v=73bCxYRXYjw,irrelevant,Sports & Athletics,,sports equipment ad,This is an ad for a tire company called Laufenn that has partenered with Major League Baseball. The ad is animated and shows the pitcher attempting to hit the ball which later turns into a tire showcasing the partnership. There is music in the background and in the end the narrator speaks out the name of the company. This ad is not inappropriate. 
WilnmR4lX6k,youtube.com/watch?v=WilnmR4lX6k,irrelevant,Travel & Adventure,,Travel vlog of a person visiting a resort in miami,"This is a travel vlog from a series by Jeremías Martorell. THe series is called ""While other sleeps"" and in this episode the main character reports his travel. The video starts in Miami Florida and features his journey to Tulum in Mexico. The vlogger shows all aspects of his travels from getting his stuff ready to sitting in his car and leaving for Mexico in a plane and then to Tulum. The video also features his experience with local cuisine. This video is not inappropriate."
jrzx2OtBHI4,youtube.com/watch?v=jrzx2OtBHI4,irrelevant,Food and Cooking,,recipe for black beans sauce,This is a recipe for a black bean sauce narrated by a woman. The recipe starts by showing off the ingredients required in the recipe and then step-by-step shows the dish coming together. Different stages of the process that is preperation and cooking are also marked in the video. This video is not inappropriate.
JpNCpykjPqk,youtube.com/watch?v=JpNCpykjPqk,irrelevant,Software,,"Help protect your site with a SSL certificate, goDaddy",This is a short advertisement for the use of Secure Sockets Layer in websites by Go Daddy. The narrator of the video describes that SSL is useful for securing website and that it is needed for protecting customers data. The video itself has short clips from local businesses and also shows how that the lock logo in address bars means that the website is safe. This video is not inappropriate.
Q3IZ_njcyMc,youtube.com/watch?v=Q3IZ_njcyMc,irrelevant,Autos & Vehicles,,Ad showing features of Kia EV6,"This is an ad for the Kia EV6, an electric SUV.  The song features the car driving around a city, a guy surfing in a river using a hydrofoil and a person singing a song. The ad shows multiple angles of the cars. The music in the background is upbeat and the people in the video seem to show that the car is for an active lifestyle. This ad is not inappropriate"
S1t90ucM-54,youtube.com/watch?v=S1t90ucM-54,irrelevant,Education & Learning,,a tedx talk based on the advantages of making notes by hand,"This is a Ted talk given by Katie McCleary who talks about the advantages of making notes by hand while studying. The video shows Katie on a stage talking in front of an audience, telling people about her past experience and how writing by hand increases productivity and makes learning more effective. This video is not inappropriate."
DBZzLD06Ogg,youtube.com/watch?v=DBZzLD06Ogg,irrelevant,Home and Office,,ad for dish washing liquid,This is an ad for Maxis dishwashing liquiq. The ad first shows a bottle of the liquid zooming in on the label that says it contains bicarbonate. The video then shows a dish sponge cleaning a dirty dish with the soap and it gets immediately cleaned. This video is not inappropriate.
ujPC9wQNbtc,youtube.com/watch?v=ujPC9wQNbtc,irrelevant,Software,,A tutorial for how to use shopify,"This is a tutorial on how to use the e-commerce website called shopify. The video contains a presentation that desciribe what shopify is, how to use it and how much it costs. The narrator reads out the slides and also provides more details about the website. In the end the narrator also shows Shopify's website and the different plans available there. This video is not inappropriate. "
gJY0MyGDru8,youtube.com/watch?v=gJY0MyGDru8,inappropriate,Offensive language,Extreme,Ad of a music video. Song has explicit lyrics,"This is a music video and starts off with a dark sped-up clip of a man walking in a forest. Then we see a silhouette of the man. It is filled with  bright blue and purple. Then the man appears on the screen again and starts to sing. There are some references to drugs in the lyrics and the man goes on to sing ""I don't even fucking matter to her"". Due to the use of profane language, the video is inappropriate for children."
m0ROtuAfOLg,youtube.com/watch?v=m0ROtuAfOLg,inappropriate,Physical Violence,Extreme,"haryanvi mv - shows a gun, physical violence; sensual, harassment!!","This is a music video that starts with a man walking towards the audience. There are two cars behind him and one of the cars has two shotguns placed on it. The man then holds up a gun and rests on his shoulders. The next clip shows the same man driving in a jeep and then the camera shows some people sitting together. The next clip shows a different man singing. In a subsequent clip, a man serves food to a group of people sitting. He accidentally drops the food, and one of the men grabs him by the collar and hits him. In another clip, a man caresses and kisses a woman's hand. In another clip, a woman is sitting at a table with another woman and a man shows up and grabs her clothes and harasses her by grabbing her hand. Due to the presence of guns, physical violence and harassment, this video is inappropriate for children. The video also contains some elements of sensual touch which also makes it inappropriate for children."
xis-u5vGsFs,youtube.com/watch?v=xis-u5vGsFs,irrelevant,Autos & Vehicles,,Ad showing features of Kia Sportage,"This is an advertisement for a car, Kia Sportage. Scenes feature clips of the car's exterior and interior as a woman drives the car and smiles. This video is not inappropriate."